<KinBody name="wam3ode">
  <Body type="dynamic">
<!-- Big cylinder -->
    <Geom type="cylinder">
    <Translation>0 0 0.2325</Translation>
    <RotationAxis>1 0 0 90</RotationAxis>
      <height>0.465</height>
      <radius>0.0445</radius>
      <diffusecolor>1 0 0</diffusecolor>
    </Geom>          
<!-- Big cylinder cap -->
    <Geom type="cylinder">
    <Translation>0 0 0.4755</Translation>
    <RotationAxis>1 0 0 90</RotationAxis>
      <height>0.021</height>
      <radius>0.0548</radius>
      <diffusecolor>1 0 0</diffusecolor>
    </Geom>          


<!-- Axis cylinder -->
    <Geom type="cylinder">
    <Translation>0 0 0.505</Translation>
      <height>0.064</height>
      <radius>0.0095</radius>
      <diffusecolor>1 0 0</diffusecolor>
    </Geom>          

<!-- Cable cylinder -->
    <Geom type="cylinder">
    <Translation>0 0 0.505</Translation>
      <height>0.023</height>
      <radius>0.0315</radius>
      <diffusecolor>1 0 0</diffusecolor>
    </Geom>         
 
<!-- Side box -->   
    <Geom type="box">
    <Translation>0.0181 0.0380 0.5231</Translation>
    <RotationAxis>0 1 0 -45</RotationAxis>
      <extents>0.0775 0.006 0.04</extents>
      <diffusecolor>1 0 0</diffusecolor>
    </Geom>        

<!-- Side box -->   
    <Geom type="box">
    <Translation>0.0181 -0.0380 0.5231</Translation>
    <RotationAxis>0 1 0 -45</RotationAxis>
      <extents>0.0775 0.006 0.04</extents>
      <diffusecolor>1 0 0</diffusecolor>
    </Geom>        
          
  </Body>
</KinBody>