<KinBody name="wam6ode">
  <Body type="dynamic">
    <Geom type="cylinder">
    <Translation>0 -0.0572 0</Translation>
      <height>0.0065</height>
      <radius>0.01878</radius>
      <diffusecolor>0.501961 0.501961 1</diffusecolor>
    </Geom>  
    <Geom type="cylinder">
    <Translation>0 -0.0235 0</Translation>
      <height>0.062</height>
      <radius>0.0448</radius>
      <diffusecolor>0.501961 0.501961 1</diffusecolor>
    </Geom>  
    <Geom type="cylinder">
    <Translation>0 -0.0185 -0.0385</Translation>
      <height>0.0590</height>
      <radius>0.02</radius>
      <diffusecolor>0.501961 0.501961 1</diffusecolor>
    </Geom>  
    <Geom type="cylinder">
    <Translation>0 0 0.025</Translation>
    <RotationAxis>1 0 0 90</RotationAxis>
      <height>0.03</height>
      <radius>0.024</radius>
      <diffusecolor>0.501961 0.501961 1</diffusecolor>
    </Geom>  
  </Body>
</KinBody>